Eua001,4811,1
Eua002a,3353,2
Eua002b,4857,3
Eua003a,647,4
Eua003b,2501,5
Eua004,1601,6
Eua005,524,7
Eua006a,622,8
Eua006b,2283,9
Eua007,506,10
Hah001,6973,11
Hah002a,9464,12
Hah002b,3644,13
Hah003,4141,14
Hah004,6975,15
Hah005,1294,16
Hah006,2132,17
Hah007,2928,18
Hah008,2896,19
Hah009,1959,20
Hah010,3354,21
Hah011,6284,22
Hah012,2781,23
Hah013,9494,24
Hap001a,1094,25
Hap001b,2205,26
Hap001c,951,27
Hap001d,1120,28
Hap001e,1180,29
Hap001f,638,30
Hap001g,2424,31
Hap001h,3353,32
Hap001i,382,33
Hap004b,582,34
Hih001,6231,35
Hih002,530,36
Hih003,664,37
Hih004,840,38
Hih005,1893,39
Hih006,690,40
Hih007,579,41
Hih008,1589,42
Hih012,2215,43
Hih013a,5101,44
Hih013b,4599,45
Hih014,469,46
Hih015,549,47
Hih016,1929,48
Hih018,1641,49
Hih019,1212,50
Hih021,1243,51
Hih022,1127,52
Hih023,1341,53
Hih024,1260,54
Hih025,413,55
Hih026,1727,56
Hih027a,974,57
Hih027b,572,58
Hih028,2904,59
Hih029,649,60
Hih030,2435,61
Hih031,2384,62
Hih032,710,63
Hih033,2683,64
Hih034,1791,65
Hih035,2510,66
Hih036,2582,67
New Section,2492,68
Nuk001,639,69
Nuk002a,214,70
Nuk002b,807,71
Nuk002c,3189,72
Nuk003a,2727,73
Nuk003b,811,74
Nuk003c,529,75
Nuk004,125,76
Nuk005,163,77
Nuk006a,2238,78
Nuk006b,1686,79
Nuk007,538,80
Nuk008,2099,81
Nuk009,305,82
Nuk010a,809,83
Nuk010b,445,84
Nuk011a,703,85
Nuk011b,729,86
Nuk012a,825,87
Nuk012b,496,88
Nuk012c,2687,89
Nuk012d,1483,90
Nuk013a,198,91
Nuk013b,379,92
Nuk014a,210,93
Nuk014b,841,94
Nuk014c,153,95
Nuk015,439,96
Nuk016,552,97
Nuk017,1204,98
Nuk018,783,99
Nuk019,122,100
Nuk020,271,101
Nuk021,839,102
Nuk022a,428,103
Nuk022b,2488,104
Nuk023,322,105
Nuk024,101,106
Nuk025,529,107
Nuk026,806,108
Nuk027,1231,109
Nuk028,118,110
Nuk029,538,111
Nuk030,357,112
Nuk031,1517,113
Nuk032,330,114
Nuk033,528,115
Nuk034a,432,116
Nuk034b,236,117
Nuk035,353,118
Nuk036,301,119
Nuk037,486,120
Nuk038,267,121
Nuk039,1562,122
Nuk040a,856,123
Nuk040b,71,124
Nuk041,601,125
Nuk042a,801,126
Nuk042b,413,127
Nuk042c,239,128
Nuk043,985,129
Nuk044a,43,130
Nuk044b,298,131
Nuk045,1199,132
Nuk046,2141,133
Nuk047a,590,134
Nuk047b,226,135
Nuk048,193,136
Nuk049,123,137
Nuk050,182,138
Nuk051,125,139
Nuk052,168,140
Nuk053,128,141
Nuk054,179,142
Nuk055,126,143
Nuk056,324,144
Nuk057,233,145
Nuk058,233,146
Nuk059,723,147
Nuk060,516,148
Nuk061,799,149
Nuk062,350,150
Nuk063,276,151
Nuk064,277,152
Nuk065,217,153
Nuk066,358,154
Nuk068,619,155
Nuk069,578,156
Nuk070,701,157
Nuk071,656,158
Nuk072,471,159
Nuk073,1025,160
Nuk074,862,161
Nuk075a,562,162
Nuk075b,395,163
Nuk076,902,164
Nuk077,451,165
Nuk078,613,166
Nuk079,490,167
Nuk080a,1774,168
Nuk080b,1039,169
Nuk081,602,170
Nuk082,1578,171
Nuk083,346,172
Nuk084,331,173
Nuk085,564,174
Nuk086,659,175
Nuk087,186,176
Nuk088,756,177
Nuk089,1236,178
Nuk090a,235,179
Nuk090b,655,180
Nuk091,1040,181
Nuk092,1282,182
Nuk093,960,183
Nuk094,548,184
NukXXX,258,185
Vah001,10137,186
Vah002,3692,187
Vah003,2904,188
Vah004,5615,189
Vah005,466,190
Vah006,859,191
Vah007,2052,192
Vah008,2612,193
Vah009,550,194
Vah010,1855,195
Vah011,4897,196
Vah012,3866,197
Vah013,1969,198
Vah014,2532,199
Vah015,3375,200
Vah016,1953,201
Vah017,2338,202
Vah018,507,203
Vah019,2317,204
Vah020,676,205
Vah021,568,206
Vah022,2206,207
Vah023,1426,208
Vah024,1974,209
Vah025,1881,210
Vav001a,1009,211
Vav001b,1699,212
Vav001c,1851,213
Vav001d,2259,214
Vav001e,2528,215
Vav002a,6667,216
Vav003,4076,217
Vav004a,1750,218
Vav004b,89,219
Vav004c,2022,220
Vav004d,3396,221
Vav004e,5268,222
Vav005a,3145,223
Vav005b,1307,224
Vav005c,408,225
Vav006a,479,226
Vav006b,1495,227
Vav006c,5001,228
Vav006d,2889,229
Vav007,5107,230
Vav008,3375,231
Vav009a,7693,232
Vav009b,3185,233
Vav010,2838,234
Vav011a,1033,235
Vav011b,1266,236
Vav012,3936,237
Vav013a,1443,238
Vav013b,936,239
Vav013c,1139,240
